id,"taxonomy","created_at","updated_at"
1,"Archaea;Crenarchaeota;Thermoprotei;Desulfurococcales;Desulfurococcaceae;Unassigned;uncultured crenarchaeote pBA3","2013-08-16 21:12:22","2013-08-16 21:12:22"
2,"Archaea;Crenarchaeota;Thermoprotei;Desulfurococcales;Desulfurococcaceae;Unassigned;uncultured Desulfurococcaceae archaeon","2013-08-16 21:12:22","2013-08-16 21:12:22"
3,"Archaea;Crenarchaeota;Thermoprotei;Desulfurococcales;environmental samples;","2013-08-16 21:12:22","2013-08-16 21:12:22"
4,"Archaea;Crenarchaeota;Thermoprotei;Desulfurococcales;Ignisphaera;","2013-08-16 21:12:22","2013-08-16 21:12:22"
5,"Archaea;Crenarchaeota;Thermoprotei;Desulfurococcales;Pyrodictiaceae","2013-08-16 21:12:22","2013-08-16 21:12:22"
6,"Archaea;Crenarchaeota;Thermoprotei;Desulfurococcales;Pyrodictiaceae;Geogemma","2013-08-16 21:12:22","2013-08-16 21:12:22"
7,"Archaea;Crenarchaeota;Thermoprotei;Desulfurococcales;Pyrodictiaceae;Geogemma;","2013-08-16 21:12:22","2013-08-16 21:12:22"
8,"Archaea;Crenarchaeota;Thermoprotei;Desulfurococcales;Pyrodictiaceae;Geogemma;Geogemma indica","2013-08-16 21:12:22","2013-08-16 21:12:22"
9,"Archaea;Crenarchaeota;Thermoprotei;Desulfurococcales;Pyrodictiaceae;Geogemma;Geogemma pacifica","2013-08-16 21:12:22","2013-08-16 21:12:22"
10,"Archaea;Crenarchaeota;Thermoprotei;Desulfurococcales;Pyrodictiaceae;Hyperthermus","2013-08-16 21:12:22","2013-08-16 21:12:22"
11,"Archaea;Crenarchaeota;Thermoprotei;Desulfurococcales;Pyrodictiaceae;Hyperthermus;","2013-08-16 21:12:22","2013-08-16 21:12:22"
12,"Archaea;Crenarchaeota;Thermoprotei;Desulfurococcales;Pyrodictiaceae;Hyperthermus;butylicus","2013-08-16 21:12:22","2013-08-16 21:12:22"
13,"Archaea;Crenarchaeota;Thermoprotei;Desulfurococcales;Pyrodictiaceae;Hyperthermus;butylicus;DSM 5456","2013-08-16 21:12:22","2013-08-16 21:12:22"
14,"Archaea;Crenarchaeota;Thermoprotei;Desulfurococcales;Pyrodictiaceae;Hyperthermus;Hyperthermus butylicus","2013-08-16 21:12:22","2013-08-16 21:12:22"
15,"Archaea;Crenarchaeota;Thermoprotei;Desulfurococcales;Pyrodictiaceae;Hyperthermus;uncultured Hyperthermus sp.","2013-08-16 21:12:22","2013-08-16 21:12:22"
16,"Archaea;Crenarchaeota;Thermoprotei;Desulfurococcales;Pyrodictiaceae;Pyrodictium","2013-08-16 21:12:22","2013-08-16 21:12:22"
17,"Archaea;Crenarchaeota;Thermoprotei;Desulfurococcales;Pyrodictiaceae;Pyrodictium;","2013-08-16 21:12:22","2013-08-16 21:12:22"
18,"Archaea;Crenarchaeota;Thermoprotei;Desulfurococcales;Pyrodictiaceae;Pyrodictium;abyssi","2013-08-16 21:12:22","2013-08-16 21:12:22"
19,"Archaea;Crenarchaeota;Thermoprotei;Desulfurococcales;Pyrodictiaceae;Pyrodictium;brockii","2013-08-16 21:12:22","2013-08-16 21:12:22"
20,"Archaea;Crenarchaeota;Thermoprotei;Desulfurococcales;Pyrodictiaceae;Pyrodictium;environmental samples;","2013-08-16 21:12:22","2013-08-16 21:12:22"
21,"Archaea;Euryarchaeota;Halobacteria;Halobacteriales;Halobacteriaceae;Halococcus;Halococcus sp. BIGigoW09","2013-08-16 21:12:22","2013-08-16 21:12:22"
22,"Archaea;Euryarchaeota;Halobacteria;Halobacteriales;Halobacteriaceae;Halococcus;Halococcus sp. BIHTY10/11","2013-08-16 21:12:22","2013-08-16 21:12:22"
23,"Archaea;Euryarchaeota;Halobacteria;Halobacteriales;Halobacteriaceae;Halococcus;Halococcus sp. HPA-86","2013-08-16 21:12:22","2013-08-16 21:12:22"
24,"Archaea;Euryarchaeota;Halobacteria;Halobacteriales;Halobacteriaceae;Halococcus;Halococcus sp. HPA-87","2013-08-16 21:12:22","2013-08-16 21:12:22"
25,"Archaea;Euryarchaeota;Halobacteria;Halobacteriales;Halobacteriaceae;Halococcus;Halococcus sp. HSA18","2013-08-16 21:12:22","2013-08-16 21:12:22"
26,"Archaea;Euryarchaeota;Halobacteria;Halobacteriales;Halobacteriaceae;Halococcus;Halococcus sp. HSA19","2013-08-16 21:12:22","2013-08-16 21:12:22"
27,"Archaea;Euryarchaeota;Halobacteria;Halobacteriales;Halobacteriaceae;Halococcus;Halococcus sp. HSA20","2013-08-16 21:12:22","2013-08-16 21:12:22"
28,"Archaea;Euryarchaeota;Halobacteria;Halobacteriales;Halobacteriaceae;Halococcus;Halococcus sp. IS10-2","2013-08-16 21:12:22","2013-08-16 21:12:22"
29,"Archaea;Euryarchaeota;Halobacteria;Halobacteriales;Halobacteriaceae;Halococcus;Halococcus sp. JCM 8979","2013-08-16 21:12:22","2013-08-16 21:12:22"
30,"Archaea;Euryarchaeota;Halobacteria;Halobacteriales;Halobacteriaceae;Halococcus;Halococcus thailandensis","2013-08-16 21:12:22","2013-08-16 21:12:22"
31,"Archaea;Euryarchaeota;Halobacteria;Halobacteriales;Halobacteriaceae;Halococcus;hamelinensis","2013-08-16 21:12:22","2013-08-16 21:12:22"
32,"Archaea;Euryarchaeota;Halobacteria;Halobacteriales;Halobacteriaceae;Halococcus;morrhuae","2013-08-16 21:12:22","2013-08-16 21:12:22"
33,"Archaea;Euryarchaeota;Halobacteria;Halobacteriales;Halobacteriaceae;Halococcus;qingdaonensis","2013-08-16 21:12:22","2013-08-16 21:12:22"
34,"Archaea;Euryarchaeota;Halobacteria;Halobacteriales;Halobacteriaceae;Halococcus;saccharolyticus","2013-08-16 21:12:22","2013-08-16 21:12:22"
35,"Archaea;Euryarchaeota;Halobacteria;Halobacteriales;Halobacteriaceae;Halococcus;salifodinae","2013-08-16 21:12:22","2013-08-16 21:12:22"
36,"Archaea;Euryarchaeota;Halobacteria;Halobacteriales;Halobacteriaceae;Halococcus;thailandensis","2013-08-16 21:12:22","2013-08-16 21:12:22"
37,"Archaea;Euryarchaeota;Halobacteria;Halobacteriales;Halobacteriaceae;Halococcus;turkmenicus","2013-08-16 21:12:22","2013-08-16 21:12:22"
38,"Archaea;Euryarchaeota;Halobacteria;Halobacteriales;Halobacteriaceae;Halococcus;uncultured Halococcus sp.","2013-08-16 21:12:22","2013-08-16 21:12:22"
39,"Archaea;Euryarchaeota;Halobacteria;Halobacteriales;Halobacteriaceae;Haloferax","2013-08-16 21:12:22","2013-08-16 21:12:22"
40,"Archaea;Euryarchaeota;Halobacteria;Halobacteriales;Halobacteriaceae;Haloferax;","2013-08-16 21:12:22","2013-08-16 21:12:22"
41,"Bacteria;Proteobacteria;Gammaproteobacteria;Pseudomonadales;Pseudomonadaceae;Pseudomonas;Pseudomonas sp. DH-6","2013-08-16 21:12:22","2013-08-16 21:12:22"
42,"Bacteria;Proteobacteria;Gammaproteobacteria;Pseudomonadales;Pseudomonadaceae;Pseudomonas;Pseudomonas sp. DH2001","2013-08-16 21:12:22","2013-08-16 21:12:22"
43,"Bacteria;Proteobacteria;Gammaproteobacteria;Pseudomonadales;Pseudomonadaceae;Pseudomonas;Pseudomonas sp. DH24-2","2013-08-16 21:12:22","2013-08-16 21:12:22"
44,"Bacteria;Proteobacteria;Gammaproteobacteria;Pseudomonadales;Pseudomonadaceae;Pseudomonas;Pseudomonas sp. DH27-2","2013-08-16 21:12:22","2013-08-16 21:12:22"
45,"Bacteria;Proteobacteria;Gammaproteobacteria;Pseudomonadales;Pseudomonadaceae;Pseudomonas;Pseudomonas sp. DH38-2","2013-08-16 21:12:22","2013-08-16 21:12:22"
46,"Bacteria;Proteobacteria;Gammaproteobacteria;Pseudomonadales;Pseudomonadaceae;Pseudomonas;Pseudomonas sp. DH93-2","2013-08-16 21:12:22","2013-08-16 21:12:22"
47,"Bacteria;Proteobacteria;Gammaproteobacteria;Pseudomonadales;Pseudomonadaceae;Pseudomonas;Pseudomonas sp. DhA-51","2013-08-16 21:12:22","2013-08-16 21:12:22"
48,"Bacteria;Proteobacteria;Gammaproteobacteria;Pseudomonadales;Pseudomonadaceae;Pseudomonas;Pseudomonas sp. DhA-91","2013-08-16 21:12:22","2013-08-16 21:12:22"
49,"Bacteria;Proteobacteria;Gammaproteobacteria;Pseudomonadales;Pseudomonadaceae;Pseudomonas;Pseudomonas sp. DHHS2","2013-08-16 21:12:22","2013-08-16 21:12:22"
50,"Bacteria;Proteobacteria;Gammaproteobacteria;Pseudomonadales;Pseudomonadaceae;Pseudomonas;Pseudomonas sp. DHS3Y","2013-08-16 21:12:22","2013-08-16 21:12:22"
51,"Bacteria;Proteobacteria;Gammaproteobacteria;Pseudomonadales;Pseudomonadaceae;Pseudomonas;Pseudomonas sp. DHT2","2013-08-16 21:12:22","2013-08-16 21:12:22"
52,"Bacteria;Proteobacteria;Gammaproteobacteria;Pseudomonadales;Pseudomonadaceae;Pseudomonas;Pseudomonas sp. dI1","2013-08-16 21:12:22","2013-08-16 21:12:22"
53,"Bacteria;Proteobacteria;Gammaproteobacteria;Pseudomonadales;Pseudomonadaceae;Pseudomonas;Pseudomonas sp. dI14","2013-08-16 21:12:22","2013-08-16 21:12:22"
54,"Bacteria;Proteobacteria;Gammaproteobacteria;Pseudomonadales;Pseudomonadaceae;Pseudomonas;Pseudomonas sp. DJCJ55","2013-08-16 21:12:22","2013-08-16 21:12:22"
55,"Bacteria;Proteobacteria;Gammaproteobacteria;Pseudomonadales;Pseudomonadaceae;Pseudomonas;Pseudomonas sp. DJCJ69","2013-08-16 21:12:22","2013-08-16 21:12:22"
56,"Bacteria;Proteobacteria;Gammaproteobacteria;Pseudomonadales;Pseudomonadaceae;Pseudomonas;Pseudomonas sp. DJF1","2013-08-16 21:12:22","2013-08-16 21:12:22"
57,"Bacteria;Proteobacteria;Gammaproteobacteria;Pseudomonadales;Pseudomonadaceae;Pseudomonas;Pseudomonas sp. DJFZ","2013-08-16 21:12:22","2013-08-16 21:12:22"
58,"Bacteria;Proteobacteria;Gammaproteobacteria;Pseudomonadales;Pseudomonadaceae;Pseudomonas;Pseudomonas sp. DJHH69","2013-08-16 21:12:22","2013-08-16 21:12:22"
59,"Bacteria;Proteobacteria;Gammaproteobacteria;Pseudomonadales;Pseudomonadaceae;Pseudomonas;Pseudomonas sp. DJHH74","2013-08-16 21:12:22","2013-08-16 21:12:22"
60,"Bacteria;Proteobacteria;Gammaproteobacteria;Pseudomonadales;Pseudomonadaceae;Pseudomonas;Pseudomonas sp. DJWH11","2013-08-16 21:12:22","2013-08-16 21:12:22"
61,"Eukarya;Streptophyta;Unassigned;Caryophyllales;Nyctaginaceae;Acleisanthes;Acleisanthes wrightii","2013-08-16 21:12:22","2013-08-16 21:12:22"
62,"Eukarya;Streptophyta;Unassigned;Caryophyllales;Nyctaginaceae;Allionia","2013-08-16 21:12:22","2013-08-16 21:12:22"
63,"Eukarya;Streptophyta;Unassigned;Caryophyllales;Nyctaginaceae;Allionia;Allionia choisyi","2013-08-16 21:12:22","2013-08-16 21:12:22"
64,"Eukarya;Streptophyta;Unassigned;Caryophyllales;Nyctaginaceae;Allionia;Allionia incarnata","2013-08-16 21:12:22","2013-08-16 21:12:22"
65,"Eukarya;Streptophyta;Unassigned;Caryophyllales;Nyctaginaceae;Andradea","2013-08-16 21:12:22","2013-08-16 21:12:22"
66,"Eukarya;Streptophyta;Unassigned;Caryophyllales;Nyctaginaceae;Andradea;Andradea floribunda","2013-08-16 21:12:22","2013-08-16 21:12:22"
67,"Eukarya;Streptophyta;Unassigned;Caryophyllales;Nyctaginaceae;Anulocaulis","2013-08-16 21:12:22","2013-08-16 21:12:22"
68,"Eukarya;Streptophyta;Unassigned;Caryophyllales;Nyctaginaceae;Anulocaulis;Anulocaulis annulatus","2013-08-16 21:12:22","2013-08-16 21:12:22"
69,"Eukarya;Streptophyta;Unassigned;Caryophyllales;Nyctaginaceae;Anulocaulis;Anulocaulis eriosolenus","2013-08-16 21:12:22","2013-08-16 21:12:22"
70,"Eukarya;Streptophyta;Unassigned;Caryophyllales;Nyctaginaceae;Anulocaulis;Anulocaulis leiosolenus","2013-08-16 21:12:22","2013-08-16 21:12:22"
71,"Eukarya;Streptophyta;Unassigned;Caryophyllales;Nyctaginaceae;Anulocaulis;Anulocaulis reflexus","2013-08-16 21:12:22","2013-08-16 21:12:22"
72,"Eukarya;Streptophyta;Unassigned;Caryophyllales;Nyctaginaceae;Belemia","2013-08-16 21:12:22","2013-08-16 21:12:22"
73,"Eukarya;Streptophyta;Unassigned;Caryophyllales;Nyctaginaceae;Belemia;Belemia fucsioides","2013-08-16 21:12:22","2013-08-16 21:12:22"
74,"Eukarya;Streptophyta;Unassigned;Caryophyllales;Nyctaginaceae;Boerhavia","2013-08-16 21:12:22","2013-08-16 21:12:22"
75,"Eukarya;Streptophyta;Unassigned;Caryophyllales;Nyctaginaceae;Boerhavia;Boerhavia anisophylla","2013-08-16 21:12:22","2013-08-16 21:12:22"
76,"Eukarya;Streptophyta;Unassigned;Caryophyllales;Nyctaginaceae;Boerhavia;Boerhavia ciliata","2013-08-16 21:12:22","2013-08-16 21:12:22"
77,"Eukarya;Streptophyta;Unassigned;Caryophyllales;Nyctaginaceae;Boerhavia;Boerhavia coccinea","2013-08-16 21:12:22","2013-08-16 21:12:22"
78,"Eukarya;Streptophyta;Unassigned;Caryophyllales;Nyctaginaceae;Boerhavia;Boerhavia coulteri","2013-08-16 21:12:22","2013-08-16 21:12:22"
79,"Eukarya;Streptophyta;Unassigned;Caryophyllales;Nyctaginaceae;Boerhavia;Boerhavia dominii","2013-08-16 21:12:22","2013-08-16 21:12:22"
80,"Eukarya;Streptophyta;Unassigned;Caryophyllales;Nyctaginaceae;Boerhavia;Boerhavia erecta","2013-08-16 21:12:22","2013-08-16 21:12:22"
81,"Bacteria;Proteobacteria;Alphaproteobacteria;Sphingomonadales;Erythrobacteraceae","2013-08-19 12:44:13","2013-08-19 12:44:13"
82,"Bacteria;Proteobacteria;Gammaproteobacteria;Pseudomonadales;Moraxellaceae;Acinetobacter","2013-08-19 12:44:13","2013-08-19 12:44:13"
83,"Bacteria;Proteobacteria;Gammaproteobacteria;Alteromonadales;Alteromonadaceae;Marinobacter","2013-08-19 12:44:13","2013-08-19 12:44:13"
84,"Bacteria;Firmicutes;Bacilli;Lactobacillales;Streptococcaceae;Streptococcus","2013-08-19 12:44:13","2013-08-19 12:44:13"
85,"Bacteria;Proteobacteria;Gammaproteobacteria;Enterobacteriales;Enterobacteriaceae","2013-08-19 12:44:13","2013-08-19 12:44:13"
86,"Bacteria;Proteobacteria;Gammaproteobacteria;Oceanospirillales;Halomonadaceae;Halomonas","2013-08-19 12:44:13","2013-08-19 12:44:13"
87,"Bacteria;Proteobacteria;Gammaproteobacteria;Pseudomonadales;Pseudomonadaceae;Pseudomonas","2013-08-19 12:44:13","2013-08-19 12:44:13"
88,"Bacteria;Proteobacteria;Betaproteobacteria;Burkholderiales;Comamonadaceae;Aquabacterium","2013-08-19 12:44:13","2013-08-19 12:44:13"
89,"Bacteria;Actinobacteria;Actinobacteria;Actinomycetales;Microbacteriaceae;Microbacterium","2013-08-19 12:44:13","2013-08-19 12:44:13"
90,"Bacteria;Proteobacteria;Alphaproteobacteria;Rickettsiales;SAR11","2013-08-19 12:44:13","2013-08-19 12:44:13"
91,"Bacteria;Proteobacteria;Alphaproteobacteria;Sphingomonadales;Erythrobacteraceae;Erythrobacter","2013-08-19 12:44:13","2013-08-19 12:44:13"
92,"Bacteria;Proteobacteria;Betaproteobacteria;Burkholderiales;Comamonadaceae","2013-08-19 12:44:13","2013-08-19 12:44:13"
93,"Bacteria;Actinobacteria;Actinobacteria;Actinomycetales;Propionibacteriaceae;Propionibacterium","2013-08-19 12:44:13","2013-08-19 12:44:13"
94,"Bacteria;Proteobacteria;Gammaproteobacteria","2013-08-19 12:44:13","2013-08-19 12:44:13"
95,"Bacteria;Proteobacteria;Alphaproteobacteria;Rhizobiales;Methylobacteriaceae;Methylobacterium","2013-08-19 12:44:13","2013-08-19 12:44:13"
96,"Bacteria;Firmicutes;Bacilli;Bacillales;Staphylococcaceae;Staphylococcus","2013-08-19 12:44:13","2013-08-19 12:44:13"
97,"Bacteria;Proteobacteria;Alphaproteobacteria;Sphingomonadales;Sphingomonadaceae;Sphingomonas","2013-08-19 12:44:13","2013-08-19 12:44:13"
98,"Bacteria;Actinobacteria;Actinobacteria;Actinomycetales;Corynebacteriaceae;Corynebacterium","2013-08-19 12:44:13","2013-08-19 12:44:13"
99,"Bacteria;Actinobacteria;Actinobacteria;Actinomycetales;Intrasporangiaceae;Serinicoccus","2013-08-19 12:44:13","2013-08-19 12:44:13"
100,"Bacteria;Proteobacteria;Gammaproteobacteria;Alteromonadales;Pseudoalteromonadaceae;Pseudoalteromonas","2013-08-19 12:44:13","2013-08-19 12:44:13"
101,"Bacteria;Actinobacteria;Actinobacteria;Actinomycetales;Micrococcaceae;Kocuria","2013-08-19 12:44:13","2013-08-19 12:44:13"
102,"Bacteria;Actinobacteria;Actinobacteria;Actinomycetales;Pseudonocardiaceae;Pseudonocardia","2013-08-19 12:44:13","2013-08-19 12:44:13"
103,"Bacteria;Proteobacteria;Gammaproteobacteria;Methylococcales;Methylococcaceae","2013-08-19 12:44:13","2013-08-19 12:44:13"
104,"Bacteria;Proteobacteria;Betaproteobacteria;Burkholderiales;Comamonadaceae;Methylibium","2013-08-19 12:44:13","2013-08-19 12:44:13"
105,"Bacteria;Proteobacteria;Betaproteobacteria;Burkholderiales;Comamonadaceae;Acidovorax","2013-08-19 12:44:13","2013-08-19 12:44:13"
106,"Bacteria;Proteobacteria;Betaproteobacteria;Hydrogenophilales;Hydrogenophilaceae;Thiobacillus","2013-08-19 12:44:13","2013-08-19 12:44:13"
107,"Bacteria;Proteobacteria;Gammaproteobacteria;Aeromonadales;Aeromonadaceae;Aeromonas","2013-08-19 12:44:13","2013-08-19 12:44:13"
108,"Bacteria;Firmicutes;Bacilli;Bacillales;Unassigned;Gemella","2013-08-19 12:44:13","2013-08-19 12:44:13"
109,"Bacteria;Proteobacteria;Alphaproteobacteria;Sphingomonadales;Sphingomonadaceae;Novosphingobium","2013-08-19 12:44:13","2013-08-19 12:44:13"
110,"Bacteria;Planctomycetes;Planctomycetacia;Planctomycetales;Planctomycetaceae","2013-08-19 12:44:13","2013-08-19 12:44:13"
111,"Bacteria;Proteobacteria;Alphaproteobacteria;Rhizobiales","2013-08-19 12:44:13","2013-08-19 12:44:13"
112,"Bacteria;Firmicutes;Bacilli;Bacillales;Bacillaceae;Bacillus","2013-08-19 12:44:13","2013-08-19 12:44:13"
113,"Bacteria;Proteobacteria;Gammaproteobacteria;Xanthomonadales;Xanthomonadaceae;Stenotrophomonas","2013-08-19 12:44:13","2013-08-19 12:44:13"
114,"Bacteria;Proteobacteria;Alphaproteobacteria;Rhizobiales;Bradyrhizobiaceae;Bradyrhizobium","2013-08-19 12:44:13","2013-08-19 12:44:13"
115,"Bacteria;Proteobacteria;Gammaproteobacteria;Oceanospirillales","2013-08-19 12:44:13","2013-08-19 12:44:13"
116,"Bacteria;Proteobacteria;Betaproteobacteria;Burkholderiales;Burkholderiaceae;Ralstonia","2013-08-19 12:44:13","2013-08-19 12:44:13"
117,"Bacteria;Actinobacteria;Actinobacteria;Acidimicrobiales;Acidimicrobiaceae","2013-08-19 12:44:13","2013-08-19 12:44:13"
118,"Bacteria;Actinobacteria;Actinobacteria;Actinomycetales;Micrococcaceae;Rothia","2013-08-19 12:44:13","2013-08-19 12:44:13"
119,"Bacteria;Firmicutes;Bacilli;Lactobacillales;Carnobacteriaceae;Granulicatella","2013-08-19 12:44:13","2013-08-19 12:44:13"
120,"Bacteria;Proteobacteria;Gammaproteobacteria;Enterobacteriales;Enterobacteriaceae;Pantoea;agglomerans","2013-08-19 12:44:13","2013-08-19 12:44:13"
121,"Bacteria;Actinobacteria;Actinobacteria;Actinomycetales;Micrococcaceae;Micrococcus","2013-08-19 12:44:13","2013-08-19 12:44:13"
122,"Bacteria;Bacteroidetes;Flavobacteria;Flavobacteriales;Flavobacteriaceae;Chryseobacterium","2013-08-19 12:44:13","2013-08-19 12:44:13"
123,"Bacteria;Proteobacteria;Alphaproteobacteria;Rhizobiales;Phyllobacteriaceae","2013-08-19 12:44:13","2013-08-19 12:44:13"
124,"Organelle;Chloroplast;Bacillariophyta","2013-08-19 12:44:13","2013-08-19 12:44:13"
125,"Bacteria;Actinobacteria;Actinobacteria;Actinomycetales;Mycobacteriaceae;Mycobacterium","2013-08-19 12:44:13","2013-08-19 12:44:13"
126,"Bacteria;Proteobacteria;Betaproteobacteria;Rhodocyclales;Rhodocyclaceae;Methyloversatilis","2013-08-19 12:44:13","2013-08-19 12:44:13"
127,"Bacteria;Proteobacteria;Gammaproteobacteria;Legionellales;Legionellaceae;Legionella","2013-08-19 12:44:13","2013-08-19 12:44:13"
128,"Bacteria;Actinobacteria;Actinobacteria;Actinomycetales;Corynebacteriaceae","2013-08-19 12:44:13","2013-08-19 12:44:13"
129,"Bacteria;Proteobacteria;Gammaproteobacteria;Thiotrichales;Piscirickettsiaceae;Methylophaga","2013-08-19 12:44:13","2013-08-19 12:44:13"
130,"Bacteria;Actinobacteria;Actinobacteria;Actinomycetales","2013-08-19 12:44:13","2013-08-19 12:44:13"
131,"Bacteria;Actinobacteria;Actinobacteria;Bifidobacteriales;Bifidobacteriaceae;Bifidobacterium","2013-08-19 12:44:13","2013-08-19 12:44:13"
132,"Bacteria;Proteobacteria;Betaproteobacteria;Burkholderiales;Comamonadaceae;Pelomonas","2013-08-19 12:44:13","2013-08-19 12:44:13"
133,"Bacteria;Proteobacteria;Alphaproteobacteria;Sphingomonadales;Sphingomonadaceae;Blastomonas","2013-08-19 12:44:13","2013-08-19 12:44:13"
134,"Bacteria;Proteobacteria;Gammaproteobacteria;Pasteurellales;Pasteurellaceae;Haemophilus","2013-08-19 12:44:13","2013-08-19 12:44:13"
135,"Bacteria;Proteobacteria;Gammaproteobacteria;Alteromonadales","2013-08-19 12:44:13","2013-08-19 12:44:13"
136,"Bacteria;Proteobacteria;Betaproteobacteria;Burkholderiales;Burkholderiaceae;Cupriavidus","2013-08-19 12:44:13","2013-08-19 12:44:13"
137,"Bacteria;Firmicutes;Bacilli;Lactobacillales;Enterococcaceae;Enterococcus","2013-08-19 12:44:13","2013-08-19 12:44:13"
138,"Bacteria;Proteobacteria;Betaproteobacteria;Burkholderiales;Comamonadaceae;Variovorax","2013-08-19 12:44:13","2013-08-19 12:44:13"
139,"Bacteria;Firmicutes;Clostridia;Clostridiales;Peptococcaceae;Finegoldia","2013-08-19 12:44:13","2013-08-19 12:44:13"
140,"Bacteria;Proteobacteria;Alphaproteobacteria","2013-08-19 12:44:13","2013-08-19 12:44:13"
141,"Bacteria;Proteobacteria;Alphaproteobacteria;Sphingomonadales;Erythrobacteraceae;Porphyrobacter","2013-08-19 12:44:13","2013-08-19 12:44:13"
142,"Bacteria;Bacteroidetes;Sphingobacteria;Sphingobacteriales","2013-08-19 12:44:13","2013-08-19 12:44:13"
143,"Bacteria;Bacteroidetes;Sphingobacteria;Sphingobacteriales;Chitinophagaceae","2013-08-19 12:44:13","2013-08-19 12:44:13"
144,"Bacteria;Proteobacteria;Alphaproteobacteria;Rhodobacterales;Rhodobacteraceae;Sulfitobacter","2013-08-19 12:44:13","2013-08-19 12:44:13"
145,"Bacteria;Proteobacteria;Alphaproteobacteria;Caulobacterales;Caulobacteraceae;Caulobacter","2013-08-19 12:44:13","2013-08-19 12:44:13"
146,"Bacteria;Proteobacteria;Betaproteobacteria;Burkholderiales;Oxalobacteraceae;Massilia","2013-08-19 12:44:13","2013-08-19 12:44:13"
147,"Bacteria;Firmicutes;Clostridia;Clostridiales;Eubacteriaceae;Eubacterium","2013-08-19 12:44:13","2013-08-19 12:44:13"
148,"Bacteria;Proteobacteria;Betaproteobacteria;Rhodocyclales;Rhodocyclaceae;Zoogloea","2013-08-19 12:44:13","2013-08-19 12:44:13"
149,"Bacteria;Planctomycetes;Planctomycetacia;Planctomycetales;Planctomycetaceae;Planctomyces","2013-08-19 12:44:13","2013-08-19 12:44:13"
150,"Bacteria;Proteobacteria;Betaproteobacteria;Burkholderiales;Comamonadaceae;Comamonas","2013-08-19 12:44:13","2013-08-19 12:44:13"
151,"Bacteria;Deinococcus-Thermus;Deinococci;Deinococcales;Deinococcaceae;Deinococcus","2013-08-19 12:44:13","2013-08-19 12:44:13"
152,"Bacteria;Actinobacteria;Actinobacteria;Actinomycetales;Propionibacteriaceae","2013-08-19 12:44:13","2013-08-19 12:44:13"
153,"Bacteria;Firmicutes;Clostridia;Clostridiales;Lachnospiraceae;Blautia","2013-08-19 12:44:13","2013-08-19 12:44:13"
154,"Bacteria;Proteobacteria;Betaproteobacteria;Burkholderiales;Comamonadaceae;Tepidimonas","2013-08-19 12:44:13","2013-08-19 12:44:13"
155,"Organelle;Chloroplast;Streptophyta","2013-08-19 12:44:13","2013-08-19 12:44:13"
156,"Bacteria;Proteobacteria;Alphaproteobacteria;Rhizobiales;Rhizobiaceae;Kaistia","2013-08-19 12:44:13","2013-08-19 12:44:13"
157,"Bacteria;Firmicutes;Bacilli;Lactobacillales;Enterococcaceae","2013-08-19 12:44:13","2013-08-19 12:44:13"
158,"Bacteria;Proteobacteria;Betaproteobacteria;Rhodocyclales;Rhodocyclaceae","2013-08-19 12:44:13","2013-08-19 12:44:13"
159,"Bacteria;Bacteroidetes;Flavobacteria;Flavobacteriales;Flavobacteriaceae;Elizabethkingia","2013-08-19 12:44:13","2013-08-19 12:44:13"
160,"Bacteria;Fusobacteria;Fusobacteria;Fusobacteriales;Fusobacteriaceae;Fusobacterium","2013-08-19 12:44:13","2013-08-19 12:44:13"
161,"Bacteria;Firmicutes;Clostridia;Clostridiales;Veillonellaceae;Veillonella","2013-08-19 12:44:13","2013-08-19 12:44:13"
162,"Bacteria;Proteobacteria;Deltaproteobacteria;Desulfovibrionales;Desulfomicrobiaceae;Desulfomicrobium","2013-08-19 12:44:13","2013-08-19 12:44:13"
163,"Bacteria;Proteobacteria;Alphaproteobacteria;Rhodospirillales","2013-08-19 12:44:13","2013-08-19 12:44:13"
164,"Bacteria;Proteobacteria;Alphaproteobacteria;Sphingomonadales;Sphingomonadaceae;Sphingopyxis","2013-08-19 12:44:13","2013-08-19 12:44:13"
165,"Bacteria;Verrucomicrobia;Verrucomicrobiae;Verrucomicrobiales;Verrucomicrobiaceae;Prosthecobacter;vanneervenii","2013-08-19 12:44:13","2013-08-19 12:44:13"
166,"Bacteria;Proteobacteria;Gammaproteobacteria;Enterobacteriales;Enterobacteriaceae;Citrobacter","2013-08-19 12:44:13","2013-08-19 12:44:13"
167,"Bacteria;Proteobacteria;Alphaproteobacteria;Rhizobiales;Hyphomicrobiaceae","2013-08-19 12:44:13","2013-08-19 12:44:13"
168,"Bacteria;Proteobacteria;Gammaproteobacteria;Pseudomonadales;Pseudomonadaceae;Pseudomonas;putida","2013-08-19 12:44:13","2013-08-19 12:44:13"
169,"Bacteria;Firmicutes;Clostridia;Clostridiales;Ruminococcaceae;Faecalibacterium","2013-08-19 12:44:13","2013-08-19 12:44:13"
170,"Bacteria;Actinobacteria;Actinobacteria;Actinomycetales;Nocardiaceae;Rhodococcus","2013-08-19 12:44:13","2013-08-19 12:44:13"
171,"Bacteria;Proteobacteria;Betaproteobacteria;Neisseriales;Neisseriaceae;Uruburuella","2013-08-19 12:44:13","2013-08-19 12:44:13"
172,"Bacteria;Proteobacteria;Gammaproteobacteria;Enterobacteriales;Enterobacteriaceae;Pantoea;ananatis","2013-08-19 12:44:13","2013-08-19 12:44:13"
173,"Bacteria;Proteobacteria;Gammaproteobacteria;Chromatiales;Chromatiaceae;Rheinheimera","2013-08-19 12:44:13","2013-08-19 12:44:13"
174,"Bacteria;Proteobacteria;Gammaproteobacteria;Enterobacteriales;Enterobacteriaceae;Providencia","2013-08-19 12:44:13","2013-08-19 12:44:13"
175,"Bacteria;Proteobacteria;Gammaproteobacteria;Oceanospirillales;Oceanospirillaceae;Neptuniibacter;caesariensis","2013-08-19 12:44:13","2013-08-19 12:44:13"
176,"Bacteria;Proteobacteria;Gammaproteobacteria;Pseudomonadales;Moraxellaceae;Acinetobacter;lwoffii","2013-08-19 12:44:13","2013-08-19 12:44:13"
177,"Bacteria;Proteobacteria;Gammaproteobacteria;Enterobacteriales;Enterobacteriaceae;Plesiomonas","2013-08-19 12:44:13","2013-08-19 12:44:13"
178,"Bacteria;Proteobacteria;Gammaproteobacteria;Enterobacteriales;Enterobacteriaceae;Kluyvera","2013-08-19 12:44:13","2013-08-19 12:44:13"
179,"Bacteria;Proteobacteria;Gammaproteobacteria;Enterobacteriales;Enterobacteriaceae;Serratia","2013-08-19 12:44:13","2013-08-19 12:44:13"
180,"Bacteria;Proteobacteria;Gammaproteobacteria;Enterobacteriales;Enterobacteriaceae;Serratia;symbiont","2013-08-19 12:44:13","2013-08-19 12:44:13"
181,"Bacteria;Proteobacteria;Gammaproteobacteria;Vibrionales;Vibrionaceae;Vibrio;parahaemolyticus","2013-08-19 12:44:13","2013-08-19 12:44:13"
182,"Bacteria;Actinobacteria;Actinobacteria;Actinomycetales;Microbacteriaceae","2013-08-19 12:44:13","2013-08-19 12:44:13"
183,"Bacteria;Proteobacteria;Gammaproteobacteria;Enterobacteriales;Enterobacteriaceae;Citrobacter;freundii","2013-08-19 12:44:13","2013-08-19 12:44:13"
184,"Bacteria;Proteobacteria;Gammaproteobacteria;Aeromonadales;Aeromonadaceae;Aeromonas;veronii","2013-08-19 12:44:13","2013-08-19 12:44:13"
185,"Bacteria;Proteobacteria;Gammaproteobacteria;Enterobacteriales;Enterobacteriaceae;Pantoea","2013-08-19 12:44:13","2013-08-19 12:44:13"
186,"Bacteria;Actinobacteria;Actinobacteria;Actinomycetales;Microbacteriaceae;Plantibacter","2013-08-19 12:44:13","2013-08-19 12:44:13"
187,"Bacteria;Proteobacteria;Gammaproteobacteria;Vibrionales;Vibrionaceae;Vibrio","2013-08-19 12:44:13","2013-08-19 12:44:13"
188,"Bacteria;Proteobacteria;Gammaproteobacteria;Pseudomonadales;Moraxellaceae;Perlucidibaca","2013-08-19 12:44:13","2013-08-19 12:44:13"
189,"Bacteria;Proteobacteria;Gammaproteobacteria;Vibrionales;Vibrionaceae;Photobacterium","2013-08-19 12:44:13","2013-08-19 12:44:13"
190,"Bacteria;Proteobacteria;Gammaproteobacteria;Enterobacteriales;Enterobacteriaceae;Klebsiella","2013-08-19 12:44:13","2013-08-19 12:44:13"
191,"Bacteria;Proteobacteria;Gammaproteobacteria;Enterobacteriales;Enterobacteriaceae;Cedecea","2013-08-19 12:44:13","2013-08-19 12:44:13"
192,"Bacteria;Proteobacteria;Gammaproteobacteria;Enterobacteriales;Enterobacteriaceae;Enterobacter","2013-08-19 12:44:13","2013-08-19 12:44:13"
193,"Bacteria;Proteobacteria;Gammaproteobacteria;Xanthomonadales;Sinobacteraceae","2013-08-19 12:44:13","2013-08-19 12:44:13"
194,"Bacteria","2013-08-19 12:44:13","2013-08-19 12:44:13"
195,"Bacteria;Proteobacteria;Gammaproteobacteria;Enterobacteriales;Enterobacteriaceae;Leclercia","2013-08-19 12:44:13","2013-08-19 12:44:13"
196,"Bacteria;Proteobacteria;Betaproteobacteria;Nitrosomonadales;Gallionellaceae","2013-08-19 12:44:13","2013-08-19 12:44:13"
197,"Bacteria;Proteobacteria;Betaproteobacteria;Burkholderiales;Comamonadaceae;Aquamonas","2013-08-19 12:44:13","2013-08-19 12:44:13"
198,"Bacteria;Proteobacteria;Betaproteobacteria;Burkholderiales;Comamonadaceae;Lampropedia","2013-08-19 12:44:13","2013-08-19 12:44:13"
199,"Bacteria;Proteobacteria;Gammaproteobacteria;Xanthomonadales;Xanthomonadaceae;Stenotrophomonas;maltophilia","2013-08-19 12:44:13","2013-08-19 12:44:13"
200,"Bacteria;Actinobacteria;Actinobacteria;Actinomycetales;Microbacteriaceae;Agreia;bicolorata","2013-08-19 12:44:13","2013-08-19 12:44:13"
201,"Bacteria;Proteobacteria;Gammaproteobacteria;Enterobacteriales;Enterobacteriaceae;Salmonella;enterica","2013-08-19 12:44:13","2013-08-19 12:44:13"
202,"Bacteria;Actinobacteria;Actinobacteria;Actinomycetales;Microbacteriaceae;Microbacterium;luteolum","2013-08-19 12:44:13","2013-08-19 12:44:13"
203,"Bacteria;Firmicutes;Bacilli;Lactobacillales;Carnobacteriaceae","2013-08-19 12:44:13","2013-08-19 12:44:13"
204,"Bacteria;Proteobacteria;Gammaproteobacteria;Oceanospirillales;Halomonadaceae;Zymobacter;palmae","2013-08-19 12:44:13","2013-08-19 12:44:13"
205,"Bacteria;Proteobacteria;Gammaproteobacteria;Pseudomonadales;Moraxellaceae;Acinetobacter;bouvetii","2013-08-19 12:44:13","2013-08-19 12:44:13"
206,"Bacteria;Proteobacteria;Alphaproteobacteria;Sphingomonadales;Sphingomonadaceae;Sphingomonas;melonis","2013-08-19 12:44:13","2013-08-19 12:44:13"
207,"Bacteria;Proteobacteria;Betaproteobacteria;Burkholderiales;Comamonadaceae;Acidovorax;avenae","2013-08-19 12:44:13","2013-08-19 12:44:13"
208,"Bacteria;Proteobacteria;Gammaproteobacteria;Alteromonadales;Shewanellaceae;Shewanella","2013-08-19 12:44:13","2013-08-19 12:44:13"
209,"Bacteria;Proteobacteria;Gammaproteobacteria;Aeromonadales;Aeromonadaceae;Aeromonas;punctata","2013-08-19 12:44:13","2013-08-19 12:44:13"
210,"Bacteria;Proteobacteria;Betaproteobacteria;Rhodocyclales;Rhodocyclaceae;Dechloromonas","2013-08-19 12:44:13","2013-08-19 12:44:13"
211,"Bacteria;Actinobacteria;Actinobacteria;Actinomycetales;Microbacteriaceae;Okibacterium;fritillariae","2013-08-19 12:44:13","2013-08-19 12:44:13"
212,"Bacteria;Firmicutes;Bacilli;Bacillales;Staphylococcaceae;Staphylococcus;epidermidis","2013-08-19 12:44:13","2013-08-19 12:44:13"
213,"Bacteria;Proteobacteria;Gammaproteobacteria;Vibrionales;Vibrionaceae","2013-08-19 12:44:13","2013-08-19 12:44:13"
214,"Bacteria;Bacteroidetes;Bacteroidia;Bacteroidales;Bacteroidaceae;Bacteroides","2013-08-19 12:44:13","2013-08-19 12:44:13"
